,source,author,title,description,urlToImage,publishedAt,content
0,"{'id': 'engadget', 'name': 'Engadget'}",Karissa Bell,Facebook takes down hundreds of fake Instagram accounts in Russia,"Facebook has taken down
 hundreds of fake Instagram accounts in Russia that were trying to interfere with protests in the country. The company says it found a network of 530 accounts that “targeted domestic audiences throughout the recent protests in support…",https://s.yimg.com/uu/api/res/1.2/2P0WcxYICblFe_GWP0RmrA--~B/aD0yNjY3O3c9NDAwMDthcHBpZD15dGFjaHlvbg--/https://s.yimg.com/os/creatr-uploaded-images/2020-11/e166c3e0-2bdc-11eb-979f-c36ac53d0806.cf.jpg,2021-03-03T16:56:41Z,"Facebook has taken down
 hundreds of fake Instagram accounts in Russia that were trying to interfere with protests in the country. The company says it found a network of 530 accounts that targeted d… [+1456 chars]"
1,"{'id': 'engadget', 'name': 'Engadget'}",https://www.engadget.com/about/editors/jessica-conditt,Russia threatens to ban Twitter in the next month,Russian authorities are making demands that Twitter is reluctant to meet.,https://s.yimg.com/os/creatr-uploaded-images/2021-03/3f747490-867e-11eb-bfdd-281c8505c226,2021-03-16T17:39:50Z,"Russian authorities say they will block Twitter across the country in one month unless the social media company complies with demands to remove certain content, according to Reuters. 
The threat fol… [+1676 chars]"
2,"{'id': 'techcrunch', 'name': 'TechCrunch'}",Natasha Lomas,Russia is trying to throttle Twitter,"In its latest strike against online content it doesn’t control Russia is throttling Twitter. State agency Roskomnadzor said today it was taking the action in response to the social media not removing banned content, claiming it had identified more than 3,000 …",https://techcrunch.com/wp-content/uploads/2019/04/twitter-app-icon-ios.jpg?w=711,2021-03-10T13:01:31Z,In its latest strike against online content it doesn’t control Russia is throttling Twitter. State agency Roskomnadzor said today it was taking the action in response to the social media not removing… [+4384 chars]
3,"{'id': 'wired', 'name': 'Wired'}",Andy Greenberg,Foreign Meddling Flooded the 2020 Election—but Not Hackers,"A new ODNI report shows just how extensive Russia and Iran's influence operations were, but also doesn't mention a single hack-and-leak incident.","https://media.wired.com/photos/605105fe33266b5fce336ab2/191:100/w_1280,c_limit/Sec_interference_1230585588.jpg",2021-03-16T22:26:50Z,"After the pro-Trump hack-and-leak operations and disinformation campaigns that roiled the 2016 US election, the country braced for a second round of no-holds-barred foreign interference last year. Bu… [+5162 chars]"
4,"{'id': 'engadget', 'name': 'Engadget'}",Kris Holt,US plans 'a mix of actions' against Russia over SolarWinds cyberattack,"The US is preparing to retaliate against Russia after determining the country was probably involved
 in the SolarWinds cyberattack. Without providing specifics, White House press secretary Jen Psaki confirmed to CNBC that the government will carry out ""a mix…",https://s.yimg.com/uu/api/res/1.2/WCv39iFAiSk.3sqkBr9mJg--~B/aD01Nzc0O3c9ODY2MDthcHBpZD15dGFjaHlvbg--/https://s.yimg.com/os/creatr-uploaded-images/2020-12/3221b6f0-410e-11eb-9fd7-0bdca54435fa.cf.jpg,2021-03-08T16:55:25Z,"The US is preparing to retaliate against Russia after determining the country was probably involved
 in the SolarWinds cyberattack. Without providing specifics, White House press secretary Jen Psaki… [+1266 chars]"
5,"{'id': 'engadget', 'name': 'Engadget'}",Igor Bonifacic,Russia and China want to build an 'international' station on the Moon,"Russia and China plan to work together to build a research station on the Moon. In an announcement
 spotted by ArsTechnica
, the two countries said they will collaborate on an “International Lunar Science Station.” There aren’t many details on the project y…",https://s.yimg.com/uu/api/res/1.2/0WLdbQhWD.NFr1UruUof_g--~B/aD0xNjM2O3c9MjQ0NjthcHBpZD15dGFjaHlvbg--/https://s.yimg.com/os/creatr-uploaded-images/2021-03/9905ebd0-80ff-11eb-8efe-5dd816f6ac03.cf.jpg,2021-03-09T18:10:21Z,"Russia and China plan to work together to build a research station on the Moon. In an announcement
 spotted by ArsTechnica
, the two countries said they will collaborate on an International Lunar S… [+951 chars]"
6,"{'id': 'wired', 'name': 'Wired'}",Lily Hay Newman,Apple Bent the Rules for Russia. Other Nations Will Take Note,"Russian iPhone buyers will soon be prompted to install software developed in that country, setting a precedent that other authoritarian governments may follow.","https://media.wired.com/photos/6051455ef40c70fa86c7d2d6/191:100/w_1280,c_limit/Sec_iphone_russia-1229232253.jpg",2021-03-17T17:48:18Z,"Beginning in April, new iPhones and other iOS devices sold in Russia will include an extra setup step. Alongside questions about language preference and whether to enable Siri, users will see a scree… [+3991 chars]"
7,"{'id': 'bbc-news', 'name': 'BBC News'}",https://www.facebook.com/bbcnews,Why many in Russia are reluctant to have Sputnik vaccine,"Russia's Sputnik V vaccine against Covid is in worldwide demand, but many Russians remain unsure.",https://ichef.bbci.co.uk/news/1024/branded_news/9CBD/production/_117352104_gettyimages-1231356783.jpg,2021-03-03T00:24:31Z,"By Sarah RainsfordBBC News, Moscow
image captionLocal official Galina Bordadymova is proud of Russia's scientific breakthrough
When officials in Sputnik village announced recently that they would b… [+6110 chars]"
8,"{'id': None, 'name': 'New York Times'}",David E. Sanger,Biden Clashes With China and Russia in First 60 Days,"It may look like the bad old days of the Cold War, but today’s bitter superpower competition is about technology, cyberconflict and influence operations.",https://static01.nyt.com/images/2021/03/20/us/politics/20dc-assess-1/20dc-assess-1-facebookJumbo.jpg,2021-03-20T09:00:11Z,Its pathway to power is building new networks rather than disrupting old ones. Economists debate when the Chinese will have the worlds largest gross domestic product perhaps toward the end of this de… [+2540 chars]
9,"{'id': None, 'name': 'Gizmodo.com'}",Alyse Stanley,Chinese and Russian Hackers Reportedly Stole Vaccine Data from European Drug Regulator,Both China and Russia were reportedly behind two cyberattacks last year at the European Medicines Agency that compromised documents related to covid-19 vaccines and treatments.Read more...,"https://i.kinja-img.com/gawker-media/image/upload/c_fill,f_auto,fl_progressive,g_center,h_675,pg_1,q_80,w_1200/exjoa2a2oedquevzsi4m.jpg",2021-03-07T22:02:00Z,"Both China and Russia were reportedly behind two cyberattacks last year at the European Medicines Agency that compromised documents related to covid-19 vaccines and treatments.
Thats according to so… [+2223 chars]"
10,"{'id': 'bbc-news', 'name': 'BBC News'}",,Plan for reinstatement of Russia approved by World Athletics,Russia moves closer to having its suspension from World Athletics for doping offences lifted after the sport's international governing body approves plans for reform.,https://ichef.bbci.co.uk/live-experience/cps/624/cpsprodpb/EA29/production/_113754995_hi062558354.jpg,2021-03-01T19:16:03Z,"Russian athletes took part in the Rio Olympics five years ago
Russia is closer to having its suspension from World Athletics for doping offences lifted after the sport's international governing body… [+1265 chars]"
11,"{'id': 'bbc-news', 'name': 'BBC News'}",https://www.facebook.com/bbcnews,Russia and China hit back at Western sanctions,"Russia firmly backs China, which is stung by Western sanctions for cracking down on Uighurs.",https://ichef.bbci.co.uk/news/1024/branded_news/17095/production/_117675349_mediaitem117675348.jpg,2021-03-23T12:25:37Z,"image captionThe foreign ministers of Russia and China - Sergei Lavrov (L) and Wang Yi - in Guilin
Russia and China have jointly condemned Western sanctions, a day after the EU, UK, US and Canada bl… [+3092 chars]"
12,"{'id': 'bbc-news', 'name': 'BBC News'}",https://www.facebook.com/bbcnews,Coronavirus: How Russia glosses over its Covid death toll,The reality behind Russia's pandemic is most likely to be found in its excessive mortality rates.,https://ichef.bbci.co.uk/news/1024/branded_news/CC45/production/_117639225_mediaitem117639224.jpg,2021-03-20T00:25:59Z,"By Sarah RainsfordBBC News, Perm, Russia
image captionThe number of sick and dying in Perm surged last autumn but now medics are better protected
Protecting themselves for a shift on the Covid ward… [+5946 chars]"
13,"{'id': 'bbc-news', 'name': 'BBC News'}",https://www.facebook.com/bbcnews,Norilsk Nickel: Mining firm pays record $2bn fine over Arctic oil spill,"The spill happened last May and saw some 21,000 tonnes of oil pour into rivers in northern Russia.",https://ichef.bbci.co.uk/news/1024/branded_news/429A/production/_112705071_hi061775136.jpg,2021-03-10T16:32:15Z,"image captionThe spill happened last May and saw some 21,000 tonnes of diesel pour into rivers
A mining firm has paid a record $2bn (£1.4bn) fine over a huge oil spill that caused one of Russia's wo… [+2683 chars]"
14,"{'id': 'techcrunch', 'name': 'TechCrunch'}",Anthony Ha,Daily Crunch: Apple announces a chip design center in Germany,"Apple is making a big investment in Germany, Russia takes aim at Twitter and Roblox goes public. This is your Daily Crunch for March 10, 2021. P.S. Don’t forget to sign up for TC Early Stage 2021, a virtual event focused on operations and fundraising that we’…",https://techcrunch.com/wp-content/uploads/2021/03/apple_germany-silicon-design-center_new-facility-rendering_03102021b.jpg?w=533,2021-03-10T23:25:29Z,"Apple is making a big investment in Germany, Russia takes aim at Twitter and Roblox goes public. This is your Daily Crunch for March 10, 2021.
P.S. Don’t forget to sign up for TC Early Stage 2021, a… [+3295 chars]"
15,"{'id': None, 'name': 'New York Times'}",Julian E. Barnes,The Intelligence on Russia Was Clear. It Was Not Always Presented That Way.,"A newly declassified intelligence report made clear that government agencies long knew of Russia’s work to aid Donald Trump, but he and allies muddied the waters.",https://static01.nyt.com/images/2021/03/17/us/politics/17dc-intel1/17dc-intel1-facebookJumbo.jpg,2021-03-17T23:06:48Z,"Senior Trump administration officials comments about China were also at odds with the report.
John Ratcliffe, Mr. Trumps final director of national intelligence, said publicly before and after the e… [+1920 chars]"
16,"{'id': 'cnn', 'name': 'CNN'}","Zachary Cohen, CNN",US intelligence report says Russia attempted to interfere in 2020 election with goal of 'denigrating' Biden and helping Trump,"The Office of the Director of National Intelligence released its declassified report on foreign threats to 2020 US elections Tuesday, which concludes that foreign adversaries -- including Russia -- did attempt to interfere.",https://cdn.cnn.com/cnnnext/dam/assets/170626163907-russia-dnc-hacking-ron-2-00000808-super-tease.jpg,2021-03-16T18:31:34Z,"Washington (CNN)The Office of the Director of National Intelligence released its declassified report on foreign threats to 2020 US elections Tuesday, which concludes that foreign adversaries -- inclu… [+2297 chars]"
17,"{'id': 'bbc-news', 'name': 'BBC News'}",,Denmark set to allow fans at Euros games,"Denmark is set to allow ""at least 11,000 to 12,000"" fans to attend the European Championship matches in the country, while Russia also expects to allow supporters into games.",https://ichef.bbci.co.uk/live-experience/cps/624/cpsprodpb/FC6C/production/_116702646_gettyimages-1185619682.jpg,2021-03-25T14:37:46Z,"Denmark are set to have fans at their Parken Stadium for group games against Finland, Belgium and Russia
Denmark is set to allow ""at least 11,000 to 12,000"" fans to attend the European Championship … [+2312 chars]"
18,"{'id': 'reuters', 'name': 'Reuters'}",Reuters Staff,White House says Russia will be held accountable for actions it has taken - Reuters Africa,The White House said on Wednesday that Russia will be held accountable after a U.S. intelligence report bolstered longstanding allegations that Russia sought to interfere in the 2020 U.S. presidential election.,https://static.reuters.com/resources/r/?m=02&d=20210317&t=2&i=1555251591&r=LYNXMPEH2G1MI&w=800,2021-03-17T19:32:00Z,"By Reuters Staff
FILE PHOTO: A sign is seen as voters line up for the U.S. Senate run-off election, at a polling location in Marietta, Georgia, U.S., January 5, 2021. REUTERS/Mike Segar
WASHINGTON … [+515 chars]"
19,"{'id': 'reuters', 'name': 'Reuters'}",Reuters Staff,Russia recalls its U.S. ambassador for consultations after Biden comment on Putin - Reuters,Russia on Wednesday called its ambassador to the United States back to Moscow for consultations on the future of U.S.-Russia ties after President Joe Biden said Vladimir Putin would 'pay a price' for alleged election meddling.,https://static.reuters.com/resources/r/?m=02&d=20210317&t=2&i=1555241963&r=LYNXMPEH2G1IO&w=800,2021-03-17T18:06:00Z,"By Reuters Staff
FILE PHOTO: Russian President Vladimir Putin attends a meeting with participants of the We Are Together nationwide volunteer campaign at the Kremlin in Moscow, Russia March 4, 2021.… [+768 chars]"
20,"{'id': 'engadget', 'name': 'Engadget'}",https://www.engadget.com/about/editors/kris-holt,Apple will abide by Russian law by offering government-approved apps,"Users will be able to opt out of installing them, according to a Russian newspaper.",https://s.yimg.com/os/creatr-uploaded-images/2021-03/a41245b0-8662-11eb-adff-14946d6c53ad,2021-03-16T14:42:55Z,"Apple has reportedly agreed to show Russian users a prompt to preinstall some apps when they're first using an iPhone or other device. If a user doesnt select one of the government-approved apps, it … [+999 chars]"
21,"{'id': 'reuters', 'name': 'Reuters'}",Reuters Staff,U.S. imposes sanctions on Russia over poisoning of Navalny - Reuters,"The United States imposed sanctions on Tuesday on Russian individuals and entities after concluding that Russia attempted to kill opposition figure Alexei Navalny with a nerve agent, senior Biden administration officials said.",https://static.reuters.com/resources/r/?m=02&d=20210302&t=2&i=1553461068&r=LYNXNPEH210XK&w=800,2021-03-02T14:10:00Z,"By Reuters Staff
FILE PHOTO: Russian opposition politician Alexei Navalny attends a hearing to consider an appeal against an earlier court decision to change his suspended sentence to a real prison … [+544 chars]"
22,"{'id': 'reuters', 'name': 'Reuters'}",Reuters Staff,Slovakia buying two million Sputnik vaccines from Russia - Reuters,"Slovakia is buying 2 million Sputnik V vaccines from Russia and expects half to arrive this month and next as it looks to step up vaccinations amid a surge in COVID-19 infections and deaths, the prime minister said on Monday.",https://static.reuters.com/resources/r/?m=02&d=20210301&t=2&i=1553354773&r=LYNXNPEH201W9&w=800,2021-03-01T17:50:00Z,"By Reuters Staff
FILE PHOTO: A medical specialist holds a vial of Sputnik V vaccine against the coronavirus in a department store in Moscow, Russia, January 18, 2021 REUTERS/Shamil Zhumatov
PRAGUE … [+1417 chars]"
23,"{'id': 'reuters', 'name': 'Reuters'}",Reuters Staff,"Russia reports 10,535 new COVID-19 cases, 452 deaths - Reuters","Russia reported 10,535 new COVID-19 cases on Wednesday, including 1,284 in Moscow, taking the national tally to 4,278,750.",https://s1.reutersmedia.net/resources_v2/images/rcom-default.png?w=800,2021-03-03T08:13:00Z,"By Reuters Staff
MOSCOW, March 3 (Reuters) - Russia reported 10,535 new COVID-19 cases on Wednesday, including 1,284 in Moscow, taking the national tally to 4,278,750.
Authorities said 452 people h… [+153 chars]"
24,"{'id': 'reuters', 'name': 'Reuters'}","Gabrielle Tétrault-Farber, Vladimir Soldatkin",Russia rebukes Facebook for blocking some media posts - Reuters Canada,Russia accused Facebook on Monday of violating citizens' rights by blocking some media outlets' content in the latest standoff between a government and Big Tech.,https://static.reuters.com/resources/r/?m=02&d=20210308&t=2&i=1554113971&r=LYNXMPEH270I2&w=800,2021-03-08T09:35:00Z,"MOSCOW (Reuters) - Russia accused Facebook on Monday of violating citizens rights by blocking some media outlets content in the latest standoff between a government and Big Tech.
FILE PHOTO: A 3D-pr… [+1568 chars]"
25,"{'id': None, 'name': 'Slashdot.org'}",EditorDavid,America Plans 'Aggressive' Cyber Counterattack on Russia,"The Biden administration ""is preparing a series of aggressive cyber attacks on Russia in a major shift in tactics designed as a warning shot to rival powers,"" reports the Telegraph newspaper:

The attack, which is expected in the next fortnight, is in retalia…",https://a.fsdn.com/sd/topics/usa_64.png,2021-03-21T16:34:00Z,"The attack, which is expected in the next fortnight, is in retaliation for the SolarWinds hack, the large-scale infiltration of American government agencies and corporations discovered late last year… [+911 chars]"
26,"{'id': 'reuters', 'name': 'Reuters'}",Reuters Editorial,"Amid vaccine scramble, Latin America turns to Russia - Reuters","As Bolivia struggled late last year to secure deals with large drug firms to supply COVID-19 vaccines, the incoming president, Luis Arce, turned to Russia for help. Colette Luke has more.",https://ajo.prod.reuters.tv/api/v2/img/603d5c0de4b085d3b6c3048d-1614633997173?location=LANDSCAPE,2021-03-01T22:10:53Z,"Posted 
As Bolivia struggled late last year to secure deals with large drug firms to supply COVID-19 vaccines, the incoming president, Luis Arce, turned to Russia for help. Colette Luke has more."
27,"{'id': 'reuters', 'name': 'Reuters'}",Reuters Staff,Russia bears responsibility for Navalny poisoning - U.N. experts - Reuters,"Russia bears responsibility under international law for the poisoning of Russian opposition figure Alexei Navalny, U.N. human rights experts said on Monday in preliminary findings.",https://s1.reutersmedia.net/resources_v2/images/rcom-default.png?w=800,2021-03-01T15:31:00Z,"By Reuters Staff
GENEVA, March 1 (Reuters) - Russia bears responsibility under international law for the poisoning of Russian opposition figure Alexei Navalny, U.N. human rights experts said on Mond… [+205 chars]"
28,"{'id': 'reuters', 'name': 'Reuters'}",Reuters Staff,Slovakia buying 2 million Sputnik vaccines from Russia - Reuters,"Slovakia has acquired 2 million Sputnik V vaccines from Russia, with the first 1 million doses expected to be delivered in March and April, Prime Minister Igor Matovic said on Monday.",https://s1.reutersmedia.net/resources_v2/images/rcom-default.png?w=800,2021-03-01T17:00:00Z,"By Reuters Staff
PRAGUE, March 1 (Reuters) - Slovakia has acquired 2 million Sputnik V vaccines from Russia, with the first 1 million doses expected to be delivered in March and April, Prime Ministe… [+302 chars]"
29,"{'id': 'reuters', 'name': 'Reuters'}",Reuters Staff,"Russia reports 11,022 new COVID-19 cases, 441 deaths - Reuters","Russia on Saturday reported 11,022 new COVID-19 cases, including 1,820 in Moscow, taking the national case tally to 4,312,181 since the pandemic began.",https://s1.reutersmedia.net/resources_v2/images/rcom-default.png?w=800,2021-03-06T07:40:00Z,"By Reuters Staff
MOSCOW, March 6 (Reuters) - Russia on Saturday reported 11,022 new COVID-19 cases, including 1,820 in Moscow, taking the national case tally to 4,312,181 since the pandemic began.
… [+215 chars]"
30,"{'id': 'reuters', 'name': 'Reuters'}",Reuters Staff,"Russia, China sign memorandum on lunar research station - Reuters","Russia and China signed a memorandum of understanding on Tuesday to set up an international lunar research station, Russia's Roscosmos space agency said.",https://s1.reutersmedia.net/resources_v2/images/rcom-default.png?w=800,2021-03-09T14:10:00Z,"By Reuters Staff
MOSCOW (Reuters) - Russia and China signed a memorandum of understanding on Tuesday to set up an international lunar research station, Russias Roscosmos space agency said.
Moscow a… [+1076 chars]"
31,"{'id': 'reuters', 'name': 'Reuters'}",Reuters Staff,"Russia reports 10,253 new coronavirus cases, 379 deaths - Reuters","Russia on Monday reported 10,253 new coronavirus cases in the previous 24 hours, including 1,421 in Moscow, taking the national case tally to 4,333,029 since the pandemic began.",https://static.reuters.com/resources/r/?m=02&d=20210308&t=2&i=1554102814&r=LYNXMPEH270CN&w=800,2021-03-08T07:44:00Z,"By Reuters Staff
FILE PHOTO: A man walks past a sign outside a vaccination centre in the State Department Store, GUM, amid the outbreak of the coronavirus disease (COVID-19), in central Moscow, Russ… [+349 chars]"
32,"{'id': 'reuters', 'name': 'Reuters'}",,Western countries call on Russia at UN rights body to release Navalny - Reuters UK,Western countries call on Russia at UN rights body to release Navalny  Reuters UK,,2021-03-12T12:03:18Z,"FILE PHOTO: Russian opposition leader Alexei Navalny delivers a speech during a rally to demand the release of jailed protesters, who were detained during opposition demonstrations for fair elections… [+2544 chars]"
33,"{'id': 'reuters', 'name': 'Reuters'}",Reuters Staff,WTA roundup: Russians roll in St. Petersburg - Reuters,The four Russians in action Wednesday all earned victories at the St. Petersburg (Russia) Ladies Trophy.,https://static.reuters.com/resources/r/?m=02&d=20210318&t=2&i=1555290629&r=LYNXMPEH2H04Z&w=800,2021-03-18T03:24:00Z,"By Reuters Staff
The four Russians in action Wednesday all earned victories at the St. Petersburg (Russia) Ladies Trophy.
Top-seeded Ekaterina Alexandrova, fourth-seeded Svetlana Kuznetsova and Ver… [+1255 chars]"
34,"{'id': 'reuters', 'name': 'Reuters'}",,"Russia, US China, Pakistan call on Afghans to discuss immediate ceasefire after talks-TASS - Reuters","Russia, US China, Pakistan call on Afghans to discuss immediate ceasefire after talks-TASS  Reuters",,2021-03-18T14:59:49Z,"Aerospace &amp; Defense
Reuters Staff
MOSCOW, March 18 (Reuters) - Officials from Russia, the United States, China and Pakistan called the participants of Afghan peace talks in Moscow on Thursday t… [+590 chars]"
35,"{'id': 'reuters', 'name': 'Reuters'}",,"Washington invites leaders of Russia, China to a climate summit - Reuters","Washington invites leaders of Russia, China to a climate summit  Reuters",,2021-03-26T19:31:33Z,"FILE PHOTO: U.S. President Joe Biden speaks to reporters as he holds his first formal news conference in the East Room of the White House in Washington, U.S., March 25, 2021. REUTERS/Leah Millis
Chi… [+400 chars]"
36,"{'id': 'reuters', 'name': 'Reuters'}",Reuters Staff,Russia postpones Soyuz-2.1a rocket launch to Sunday: RIA - Reuters,"Russia has postponed the launch of its Soyuz-2.1a rocket to Sunday, state news agency RIA quoted Roscosmos space agency Director General Dmitry Rogozin as saying on Saturday.",https://static.reuters.com/resources/r/?m=02&d=20210320&t=2&i=1555567373&r=LYNXMPEH2J03M&w=800,2021-03-20T08:21:00Z,"By Reuters Staff
FILE PHOTO: The Soyuz-2.1a carrier rocket with the Soyuz MS-17 spacecraft for the next International Space Station (ISS) crew is set on the launchpad ahead of its upcoming launch, a… [+649 chars]"
37,"{'id': 'reuters', 'name': 'Reuters'}",Reuters Staff,"Russia reports 9,803 new COVID-19 cases, 460 deaths - Reuters","Russia on Thursday reported 9,803 new COVID-19 cases, including 1,934 in Moscow, pushing the national case tally to 4,428,239 since the pandemic began.",https://s1.reutersmedia.net/resources_v2/images/rcom-default.png?w=800,2021-03-18T08:11:00Z,"By Reuters Staff
MOSCOW, March 18 (Reuters) - Russia on Thursday reported 9,803 new COVID-19 cases, including 1,934 in Moscow, pushing the national case tally to 4,428,239 since the pandemic began.… [+121 chars]"
38,"{'id': 'reuters', 'name': 'Reuters'}",Reuters Staff,Russia discusses green bond deal as ESG pressures build - Reuters,"Russia's central bank and finance ministry have started consultations on a green bond issue, a senior central bank official said on Tuesday, as Moscow seeks to enhance its sustainability credentials.",https://static.reuters.com/resources/r/?m=02&d=20210323&t=2&i=1555903361&r=LYNXMPEH2M156&w=800,2021-03-23T14:56:00Z,"By Reuters Staff
FILE PHOTO: An exterior view shows a part of the facade of Russian Central Bank headquarters in Moscow, Russia December 3, 2018. REUTERS/Maxim Shemetov
MOSCOW (Reuters) - Russias c… [+1837 chars]"
39,"{'id': 'reuters', 'name': 'Reuters'}",Reuters Staff,Russia chides Twitter for slow deletion of banned content - Reuters,Russia's communications watchdog accused Twitter on Tuesday of deleting banned content too slowly in the latest dispute between a major government and Big Tech.,https://static.reuters.com/resources/r/?m=02&d=20210323&t=2&i=1555881630&r=LYNXMPEH2M0SP&w=800,2021-03-23T11:49:00Z,"By Reuters Staff
FILE PHOTO: A 3D-printed Twitter logo displayed in front of Russian flag is seen in this illustration picture, October 27, 2017. REUTERS/Dado Ruvic/Illustration/File Photo
MOSCOW (… [+1339 chars]"
40,"{'id': 'reuters', 'name': 'Reuters'}",Reuters Staff,Nornickel pays Russia $2 billion over Arctic fuel leak - Reuters,Russian miner Norilsk Nickel said on Wednesday that it had paid $2 billion to Russia for the environmental damage caused by a huge fuel spill last year in the country's worst Arctic environmental disaster.,https://static.reuters.com/resources/r/?m=02&d=20210310&t=2&i=1554378391&r=LYNXMPEH290OA&w=800,2021-03-10T11:06:00Z,"By Reuters Staff
FILE PHOTO: The logo of Russia's miner Norilsk Nickel (Nornickel) is seen on a board at the St. Petersburg International Economic Forum 2017 (SPIEF 2017) in St. Petersburg, Russia, … [+485 chars]"
41,"{'id': 'reuters', 'name': 'Reuters'}",Reuters Staff,Magnitude 6.9 quake strikes offshore Russia: USGS - Reuters,"An earthquake of magnitude 6.9 struck Ust'-Kamchatsk Staryy near Russia on Tuesday, the United States Geological Survey (USGS) said. The quake was at a depth of 57 km, USGS said.",https://s1.reutersmedia.net/resources_v2/images/rcom-default.png?w=800,2021-03-16T18:57:00Z,"By Reuters Staff
(Reuters) - An earthquake of magnitude 6.9 struck Ust-Kamchatsk Staryy near Russia on Tuesday, the United States Geological Survey (USGS) said. The quake was at a depth of 57 km, US… [+7 chars]"
42,"{'id': 'reuters', 'name': 'Reuters'}",Reuters Staff,"Russia reports 9,284 new coronavirus cases, 361 deaths - Reuters","Russia on Monday reported 9,284 new coronavirus cases in the last 24 hours, including 1,586 in Moscow, taking the national tally to 4,466,153.",https://static.reuters.com/resources/r/?m=02&d=20210322&t=2&i=1555715955&r=LYNXMPEH2L0K5&w=800,2021-03-22T08:18:00Z,"By Reuters Staff
FILE PHOTO: People rest on the Spit of Vasilievsky Island with the St. Isaac's Cathedral in the background on the first day of holidays ordered by President Vladimir Putin to curb t… [+379 chars]"
43,"{'id': 'reuters', 'name': 'Reuters'}",Reuters Staff,Amundi expects no U.S. sanctions on Russia sovereign debt - Reuters,"Amundi is cautious on Russian bonds over environmental, social and governance (ESG) issues but does not expect the country's debt to be targeted with further sanctions from Washington for now, said Ray Jian, head of emerging market aggregate debt.",https://static.reuters.com/resources/r/?m=02&d=20210312&t=2&i=1554677326&r=LYNXMPEH2B0WT&w=800,2021-03-12T13:18:00Z,"By Reuters Staff
FILE PHOTO: The Amundi company logo is seen at their headquarters in Paris, France, October 7, 2015. REUTERS/Philippe Wojazer
LONDON (Reuters) - Amundi is cautious on Russian bonds… [+1529 chars]"
44,"{'id': 'reuters', 'name': 'Reuters'}",Reuters Staff,"Russia reports 8,861 new COVID-19 cases, 401 deaths - Reuters","Russia on Wednesday reported 8,861 new COVID-19 cases, including 1,431 in Moscow, pushing the national case tally to 4,483,471 since the pandemic began.",https://static.reuters.com/resources/r/?m=02&d=20210324&t=2&i=1556001195&r=LYNXMPEH2N0KX&w=800,2021-03-24T08:12:00Z,"By Reuters Staff
FILE PHOTO: People rest on the Spit of Vasilievsky Island with the St. Isaac's Cathedral in the background on the first day of holidays ordered by President Vladimir Putin to curb t… [+429 chars]"
45,"{'id': 'reuters', 'name': 'Reuters'}",Reuters Staff,"Russia has begun spaceplane project, says Soviet shuttle designer - Reuters","Russia is developing a reusable spaceplane, a subsidiary of the Kalashnikov conglomerate said on Wednesday, in Russia's first such project since the late Soviet Union's ill-fated Buran space shuttle.",https://static.reuters.com/resources/r/?m=02&d=20210324&t=2&i=1556042015&r=LYNXMPEH2N187&w=800,2021-03-24T13:25:00Z,"By Reuters Staff
MOSCOW (Reuters) - Russia is developing a reusable spaceplane, a subsidiary of the Kalashnikov conglomerate said on Wednesday, in Russias first such project since the late Soviet Un… [+1282 chars]"
46,"{'id': 'reuters', 'name': 'Reuters'}",Reuters Staff,"Russia reports 9,270 new COVID-19 cases, 459 deaths - Reuters","Russia reported 9,270 new COVID-19 cases on Thursday, including 1,281 in Moscow, taking its total case tally to 4,360,823 since the pandemic began.",https://s1.reutersmedia.net/resources_v2/images/rcom-default.png?w=800,2021-03-11T08:00:00Z,"By Reuters Staff
MOSCOW, March 11 (Reuters) - Russia reported 9,270 new COVID-19 cases on Thursday, including 1,281 in Moscow, taking its total case tally to 4,360,823 since the pandemic began.
The… [+207 chars]"
47,"{'id': 'reuters', 'name': 'Reuters'}",Reuters Staff,G7 remains committed to sanctions on Russia over Ukraine - Reuters,"The G7 remains fully committed to the implementation of sanctions on Russia over its annexation of Ukraine's Crimea peninsula and will continue to assist Ukraine in maintaining its independence, the German foreign ministry said on Thursday.",https://static.reuters.com/resources/r/?m=02&d=20210318&t=2&i=1555316264&r=LYNXMPEH2H0H5&w=800,2021-03-18T09:03:00Z,"By Reuters Staff
FILE PHOTO: Flags are placed at the G7 summit in Taormina, Italy, May 26, 2017. REUTERS/Alessandro Bianchi
BERLIN (Reuters) - The G7 remains fully committed to the implementation o… [+527 chars]"
48,"{'id': 'reuters', 'name': 'Reuters'}",Reuters Staff,"Russia reports 9,437 new COVID-19 cases, 404 deaths - Reuters","Russia on Monday reported 9,437 new COVID-19 cases, including 1,353 in Moscow, pushing the national infection tally to 4,400,045 since the pandemic began.",https://static.reuters.com/resources/r/?m=02&d=20210315&t=2&i=1554911459&r=LYNXMPEH2E0JU&w=800,2021-03-15T08:13:00Z,"By Reuters Staff
FILE PHOTO: A health worker wearing protective gear takes a swab from a woman to test for the coronavirus disease (COVID-19) at Gemotest laboratory in Moscow, Russia April 6, 2020. … [+333 chars]"
49,"{'id': 'reuters', 'name': 'Reuters'}",Reuters Staff,Nornickel pays Russia $2 billion over Arctic fuel leak - Reuters,Russian miner Norilsk Nickel said on Wednesday that it had paid $2 billion to Russia for the environmental damage caused by a huge fuel spill last year in the country's worst Arctic environmental disaster.,https://s1.reutersmedia.net/resources_v2/images/rcom-default.png?w=800,2021-03-10T11:06:00Z,"By Reuters Staff
MOSCOW, March 10 (Reuters) - Russian miner Norilsk Nickel said on Wednesday that it had paid $2 billion to Russia for the environmental damage caused by a huge fuel spill last year … [+252 chars]"
50,"{'id': 'reuters', 'name': 'Reuters'}",Reuters Staff,Britain throws weight behind NATO as bulwark against Russia - Reuters,"British foreign minister Dominic Raab will throw his support behind NATO as ""a strong, united, political bulwark against Moscow's de-stabilising activities"", rallying allies to thwart what he said was the threat posed by Russia.",https://static.reuters.com/resources/r/?m=02&d=20210323&t=2&i=1555958606&r=LYNXMPEH2M1P9&w=800,2021-03-23T23:01:00Z,"By Reuters Staff
FILE PHOTO: Banners displaying the NATO logo are placed at the entrance of new NATO headquarters during the move to the new building, in Brussels, Belgium April 19, 2018. REUTERS/Yv… [+986 chars]"
51,"{'id': 'reuters', 'name': 'Reuters'}",Reuters Staff,"Russia reports 9,221 new coronavirus cases, 393 deaths - Reuters","Russia on Thursday reported 9,221 new coronavirus cases in the last 24 hours, including 1,787 in Moscow, taking the national tally to 4,492,692.",https://static.reuters.com/resources/r/?m=02&d=20210325&t=2&i=1556146982&r=LYNXMPEH2O0J0&w=800,2021-03-25T08:21:00Z,"By Reuters Staff
FILE PHOTO: A woman walks past a sign outside a vaccination centre in the State Department Store, GUM, amid the outbreak of the coronavirus disease (COVID-19), in central Moscow, Ru… [+304 chars]"
52,"{'id': 'reuters', 'name': 'Reuters'}",Reuters Staff,Russia begins producing third COVID-19 vaccine - ministry - Reuters,"Russia has started producing CoviVac, its third vaccine against COVID-19, and will soon make it available for use in its regions, though phase three trials are still under way, officials said on Thursday.",https://s1.reutersmedia.net/resources_v2/images/rcom-default.png?w=800,2021-03-25T14:46:00Z,"By Reuters Staff
MOSCOW (Reuters) - Russia has started producing CoviVac, its third vaccine against COVID-19, and will soon make it available for use in its regions, though phase three trials are st… [+887 chars]"
53,"{'id': 'reuters', 'name': 'Reuters'}",Reuters Staff,"Russia reports 8,998 new COVID-19 cases, 427 deaths - Reuters","Russia on Wednesday reported 8,998 new COVID-19 cases, including 1,201 in Moscow, pushing the national infection tally to 4,418,436 since the pandemic began.",https://s1.reutersmedia.net/resources_v2/images/rcom-default.png?w=800,2021-03-17T08:00:00Z,"By Reuters Staff
MOSCOW, March 17 (Reuters) - Russia on Wednesday reported 8,998 new COVID-19 cases, including 1,201 in Moscow, pushing the national infection tally to 4,418,436 since the pandemic b… [+224 chars]"
54,"{'id': None, 'name': 'National Post'}",Reuters,Russia and China pursue joint research station on the moon - National Post,"<ol><li>Russia and China pursue joint research station on the moon  National Post
</li><li>China and Russia agree to build a lunar research station  The Globe and Mail
</li><li>Planetary pact: China and Russia to launch lunar space station  CTV News
</li><…",https://smartcdn.prod.postmedia.digital/nationalpost/wp-content/uploads/2021/03/AFP_94L9H9-scaled-e1615381128160.jpg,2021-03-10T13:01:17Z,"Russia and China signed a memorandum of understanding on Tuesday to set up an international lunar research station, Russias Roscosmos space agency said.
Moscow and Beijing will draw up a roadmap to … [+1039 chars]"
55,"{'id': 'reuters', 'name': 'Reuters'}",Reuters Staff,"BRIEF-Biden Invites Russia, China To First Global Climate Talks - AP News - Reuters","* BIDEN INVITES RUSSIA, CHINA TO FIRST GLOBAL CLIMATE TALKS - AP NEWS Source text : [ID:https://bit.ly/3stdxSC] Further company coverage: [ ]",https://s1.reutersmedia.net/resources_v2/images/rcom-default.png?w=800,2021-03-26T20:07:21Z,"By Reuters Staff
March 26 (Reuters) -
* BIDEN INVITES RUSSIA, CHINA TO FIRST GLOBAL CLIMATE TALKS - AP NEWS Source text : [ID:bit.ly/3stdxSC] Further company coverage: [ ]"
56,"{'id': None, 'name': 'Android Central'}",Michael Allison,Russia threatens to block Twitter over illegal content,"Twitter has expressed free speech concerns over the demands.



What you need to know


Twitter faces a ban in Russia over its refusal to take down illegal material.
The contentious content includes illegal drugs and sexual imagery.
The Russian government say…",https://www.androidcentral.com/sites/androidcentral.com/files/styles/large/public/article_images/2020/12/twitter-logo-coffee-keyboard.jpg,2021-03-16T23:29:49Z,"Twitter and other social media companies are prone to threats of takedowns from countries where there is a clash of values between the companies and the government. This time, it's Russia. The social… [+1368 chars]"
57,"{'id': 'reuters', 'name': 'Reuters'}","DANIEL RAMOS, Aislinn Laing, Cassandra Garrison","Amid scramble for COVID-19 vaccine, Latin America turns to Russia - Reuters","As Bolivia struggled late last year to secure deals with large drug firms to supply COVID-19 vaccines, the incoming president, Luis Arce, turned to Russia for help.",https://static.reuters.com/resources/r/?m=02&d=20210301&t=2&i=1553307266&r=LYNXNPEH2018Y&w=800,2021-03-01T11:13:00Z,"LA PAZ (Reuters) - As Bolivia struggled late last year to secure deals with large drug firms to supply COVID-19 vaccines, the incoming president, Luis Arce, turned to Russia for help.
FILE PHOTO: Bo… [+8461 chars]"
58,"{'id': 'reuters', 'name': 'Reuters'}",Reuters Staff,Treasury nominee Adeyemo vows focus on any Iranian efforts to evade U.S. sanctions - Reuters,"Wally Adeyemo, President Joe Biden's nominee as deputy Treasury secretary, underscored his commitment to rigorous enforcement of U.S. sanctions against Iran, Russia and other countries.",https://s1.reutersmedia.net/resources_v2/images/rcom-default.png?w=800,2021-03-01T22:10:00Z,"By Reuters Staff
WASHINGTON, March 1 (Reuters) - Wally Adeyemo, President Joe Bidens nominee as deputy Treasury secretary, underscored his commitment to rigorous enforcement of U.S. sanctions agains… [+485 chars]"
59,"{'id': None, 'name': 'The Times'}","Marc Bennetts, Moscow",Moscow and Beijing take small step to a moon base - The Times,"<ol><li>Moscow and Beijing take small step to a moon base  The Times
</li><li>China and Russia threat as superpowers look to build joint space station on the MOON  Daily Express
</li><li>China and Russia are joining forces to build a moon base  Metro.co.uk…",https://www.thetimes.co.uk/imageserver/image/%2Fmethode%2Ftimes%2Fprod%2Fweb%2Fbin%2F2cf2eda6-81c9-11eb-8dc5-6a6f238d9d27.jpg?crop=4876%2C2743%2C62%2C105&resize=685,2021-03-11T00:01:00Z,"Russia has struck a deal with China to build a lunar research station as the Kremlin seeks to emulate Soviet-era space triumphs after years of decline.
Roscosmos, the Russian space agency, said the … [+561 chars]"
60,"{'id': 'reuters', 'name': 'Reuters'}",Reuters Staff,Russia says clinical trials for one-shot Sputnik Light vaccine are complete - Reuters,"Russia has completed clinical trials for its one-shot ""Sputnik-Light"" version of its COVID-19 vaccine, the health minister said on state television on Monday.",https://s1.reutersmedia.net/resources_v2/images/rcom-default.png?w=800,2021-03-22T14:25:00Z,"By Reuters Staff
MOSCOW (Reuters) - Russia has completed clinical trials for its one-shot Sputnik-Light version of its COVID-19 vaccine, the health minister said on state television on Monday.
Russ… [+432 chars]"
61,"{'id': 'reuters', 'name': 'Reuters'}",Reuters Staff,Bulgaria expels two Russian diplomats over suspected espionage - Reuters,"Bulgaria expelled two Russian diplomats on Monday for suspected espionage after prosecutors charged six people, including current and former military intelligence officers, with spying for Russia.",https://s1.reutersmedia.net/resources_v2/images/rcom-default.png?w=800,2021-03-22T16:50:00Z,"By Reuters Staff
SOFIA (Reuters) - Bulgaria expelled two Russian diplomats on Monday for suspected espionage after prosecutors charged six people, including current and former military intelligence … [+1846 chars]"
62,"{'id': 'reuters', 'name': 'Reuters'}","Maher Chmaytelli, Tuvan Gumrukcu, Tom Balmforth","Turkey, Russia, Qatar to push for political resolution in Syria - Reuters","Turkey, Russia and Qatar are making a joint attempt to promote a political solution to Syria's 10-year conflict, Turkish Foreign Minister Mevlut Cavusoglu said on Thursday.",https://static.reuters.com/resources/r/?m=02&d=20210311&t=2&i=1554531153&r=LYNXMPEH2A10H&w=800,2021-03-11T12:54:00Z,"DUBAI/ANKARA/MOSCOW (Reuters) - Turkey, Russia and Qatar are making a joint attempt to promote a political solution to Syrias 10-year conflict, Turkish Foreign Minister Mevlut Cavusoglu said on Thurs… [+2372 chars]"
63,"{'id': 'reuters', 'name': 'Reuters'}",Alexander Tanas,"In standoff with president, Moldovan parliament nominates its own canddate for premier - Reuters UK","Moldova's parliament on Thursday nominated the country's ambassador to Russia as prime minister, in a challenge to the candidate proposed by President Maia Sandu.",https://static.reuters.com/resources/r/?m=02&d=20210318&t=2&i=1555329164&r=LYNXMPEH2H0ND&w=800,2021-03-18T10:48:00Z,"FILE PHOTO: Moldova's President Maia Sandu attends a news briefing with European Council President Charles Michel (not pictured) in Chisinau, Moldova February 28, 2021. REUTERS/Vladislav Culiomza
CH… [+1421 chars]"
64,"{'id': 'reuters', 'name': 'Reuters'}",Reuters Staff,UPDATE 1-Taliban to send delegation to Afghanistan peace meeting hosted by Russia - Reuters,"The Taliban will send a 10-person delegation to an Afghanistan peace meeting hosted by Russia this week, the insurgent group's spokesman said on Monday.",https://s1.reutersmedia.net/resources_v2/images/rcom-default.png?w=800,2021-03-15T18:38:00Z,"By Reuters Staff
(Adds U.S. special envoy visit, background context, blast in Kabul)
KABUL, March 15 (Reuters) - The Taliban will send a 10-person delegation to an Afghanistan peace meeting hosted … [+2037 chars]"
65,"{'id': 'reuters', 'name': 'Reuters'}",Reuters Staff,China to promote use of safe international travel pass with Russia - Reuters Canada,"China will promote use of a safe international travel pass for trips with Russia, senior diplomat Wang Yi said on Tuesday.",https://static.reuters.com/resources/r/?m=02&d=20210323&t=2&i=1555837815&r=LYNXMPEH2M05G&w=800,2021-03-23T04:03:00Z,"By Reuters Staff
China's State Councilor and Foreign Minister Wang Yi attends a meeting with Russia's Foreign Minister Sergei Lavrov in Guilin, China March 22, 2021. Russian Foreign Ministry/Handout… [+307 chars]"
66,"{'id': None, 'name': 'Slashdot.org'}",msmash,"Preparing for Retaliation Against Russia, US Confronts Hacking by China",The proliferation of cyberattacks by rivals is presenting a challenge to the Biden administration as it seeks to deter intrusions on government and corporate systems. From a report: Just as it plans to begin retaliating against Russia for the large-scale hack…,https://a.fsdn.com/sd/topics/china_64.png,2021-03-08T14:00:00Z,"Just as it plans to begin retaliating against Russia for the large-scale hacking of American government agencies and corporations discovered late last year, the Biden administration faces a new cyber… [+1806 chars]"
67,"{'id': 'reuters', 'name': 'Reuters'}",Reuters Staff,Britain says it stands with Bulgaria against 'malign' Russian activity - Reuters,"Britain said it stands with Bulgaria against ""malign activity"" by Russia in the country, adding that Moscow had been seeking to undermine the sovereignty of a NATO ally.",https://static.reuters.com/resources/r/?m=02&d=20210320&t=2&i=1555575178&r=LYNXMPEH2J06G&w=800,2021-03-20T11:16:00Z,"By Reuters Staff
FILE PHOTO: Britain's Foreign Affairs Secretary Dominic Raab looks on as he walks outside Downing Street in London, Britain, February 24, 2021. REUTERS/John Sibley
LONDON (Reuters)… [+557 chars]"
68,"{'id': 'reuters', 'name': 'Reuters'}",Reuters Staff,UPDATE 1-Italy's Generali studying 2 bln euro acquisition in Russia-paper - Reuters,"Italy's biggest insurer Generali is studying an acquisition in Russia worth nearly 2 billion euros ($2.4 billion), Il Sole 24 Ore daily reported on Wednesday.",https://s1.reutersmedia.net/resources_v2/images/rcom-default.png?w=800,2021-03-17T07:14:00Z,"By Reuters Staff
(Adds details)
MILAN, March 17 (Reuters) - Italys biggest insurer Generali is studying an acquisition in Russia worth nearly 2 billion euros ($2.4 billion), Il Sole 24 Ore daily re… [+762 chars]"
69,"{'id': 'reuters', 'name': 'Reuters'}",Reuters Staff,Russia could invest $13.7 billion from 'rainy day fund' on infrastructure by 2023: finance minister - Reuters,"Russia could invest 1 trillion roubles ($13.7 billion) from its National Wealth Fund on infrastructure projects between 2021 and 2023, Finance Minister Anton Siluanov said on Wednesday.",https://static.reuters.com/resources/r/?m=02&d=20210317&t=2&i=1555191658&r=LYNXMPEH2G0U3&w=800,2021-03-17T11:10:00Z,"By Reuters Staff
FILE PHOTO: Russian Finance Minister Anton Siluanov attends a meeting with members of the government in Moscow, Russia March 12, 2020. Sputnik/Dmitry Astakhov/Pool via REUTERS 
MOS… [+772 chars]"
70,"{'id': 'reuters', 'name': 'Reuters'}",Reuters Staff,Bulgaria charges six people over alleged Russian spy ring - Reuters,"Bulgarian prosecutors said on Friday they had charged six Bulgarians, including senior officials from the defence ministry and military intelligence, with spying for Russia.",https://static.reuters.com/resources/r/?m=02&d=20210319&t=2&i=1555505324&r=LYNXMPEH2I115&w=800,2021-03-19T16:22:00Z,"By Reuters Staff
SOFIA (Reuters) - Bulgarian prosecutors said on Friday they had charged six Bulgarians, including senior officials from the defence ministry and military intelligence, with spying f… [+2049 chars]"
71,"{'id': None, 'name': 'NPR'}",Scott Neuman,"China, Russia Announce Plan To Build Moon Research Station","The two countries' space agencies say the proposal, which sets no time frame, could include an orbiting station, a base on the surface, or both.",https://media.npr.org/assets/img/2021/03/10/ap_21069318585399_wide-eaa20d239fc6f26185fd2b643834b258d8b649d9.jpg?s=1400,2021-03-10T14:28:50Z,"An image taken on the moon by a panoramic camera aboard the lander-ascender combination of of China's Chang'e-5 spacecraft, provided by China National Space Administration. China and Russia have anno… [+3050 chars]"
72,"{'id': 'bbc-news', 'name': 'BBC News'}",https://www.facebook.com/bbcnews,Armenia opposition breaks into government building,Armenia's embattled PM is now in open dispute with the armed forces chiefs.,https://ichef.bbci.co.uk/news/1024/branded_news/E3B5/production/_117339285_mediaitem117339284.jpg,2021-03-01T10:09:01Z,"image captionAnti-Pashinyan protesters have staged rallies in Yerevan in recent days
Armenian opposition protesters calling for the prime minister's resignation have burst into a government building… [+516 chars]"
73,"{'id': 'reuters', 'name': 'Reuters'}","Gabrielle Tétrault-Farber, Andrew Osborn",U.S. wages psychologicial war on Moscow - Russian defense adviser - Reuters,"The United States and other Western countries are waging a psychological war on Russia to try to undermine President Vladimir Putin and state institutions, an adviser to Russia's defence minister said.",https://static.reuters.com/resources/r/?m=02&d=20210325&t=2&i=1556179683&r=LYNXMPEH2O125&w=800,2021-03-25T12:39:00Z,"MOSCOW (Reuters) - The United States and other Western countries are waging a psychological war on Russia to try to undermine President Vladimir Putin and state institutions, an adviser to Russias de… [+1869 chars]"
74,"{'id': 'reuters', 'name': 'Reuters'}",Reuters Staff,"Engage Russia but remain 'clear-eyed' while doing so, Blinken tells NATO - Reuters","The West must engage with Russia to promote mutual interests but remain ""very clear-eyed"", U.S. Secretary of State Antony Blinken said on Wednesday, at the Biden administration's first cabinet-level meeting with the NATO alliance scorned by Donald Trump.",https://static.reuters.com/resources/r/?m=02&d=20210324&t=2&i=1556057976&r=LYNXMPEH2N1IZ&w=800,2021-03-24T15:45:00Z,"By Reuters Staff
BRUSSELS (Reuters) - The West must engage with Russia to promote mutual interests but remain very clear-eyed, U.S. Secretary of State Antony Blinken said on Wednesday, at the Biden … [+2519 chars]"
75,"{'id': 'reuters', 'name': 'Reuters'}",Reuters Staff,Berlin warns Moscow: don't restrict our journalists - Reuters,German Foreign Minister Heiko Maas demanded on Wednesday that Russia respect foreign correspondents' right to report after an official warned German journalists of possible reprisals in a tit-for-tat row.,https://static.reuters.com/resources/r/?m=02&d=20210317&t=2&i=1555218110&r=LYNXMPEH2G16O&w=800,2021-03-17T14:49:00Z,"By Reuters Staff
BERLIN (Reuters) - German Foreign Minister Heiko Maas demanded on Wednesday that Russia respect foreign correspondents right to report after an official warned German journalists of… [+1368 chars]"
76,"{'id': 'reuters', 'name': 'Reuters'}",,"Russian police search media outlet, group linked to Kremlin critic Khodorkovsky - Reuters","Russian police search media outlet, group linked to Kremlin critic Khodorkovsky  Reuters",,2021-03-19T17:26:29Z,"FILE PHOTO: Former Russian tycoon Mikhail Khodorkovsky attends an interview with Reuters in central London, Britain, January, 18, 2021. REUTERS/Henry Nicholls
Media and Telecoms
Reuters Staff
MOSC… [+1910 chars]"
77,"{'id': None, 'name': 'BBC News'}",https://www.facebook.com/bbcnews,Russia recalls envoy after Biden remarks about Putin - BBC News,"<ol><li>Russia recalls envoy after Biden remarks about Putin  BBC News
</li><li>U.S. report says Russia, with Putin's knowledge, meddled in 2020 election  CTV News
</li><li>Biden: Putin is a ‘killer’, Russia to ‘pay’ for election meddling  Al Jazeera Englis…",https://ichef.bbci.co.uk/news/1024/branded_news/7DE7/production/_117613223_gettyimages-882420332-594x594.jpg,2021-03-17T20:30:54Z,"image copyrightGetty Images
image captionRussia says it has called back its ambassador to the US, Anatoly Antonov, for consultations
Russia has recalled its Washington ambassador for talks to preve… [+2954 chars]"
78,"{'id': 'reuters', 'name': 'Reuters'}",Reuters Staff,EU executive says joint vaccine strategy not unravelling - Reuters UK,"The European Union's joint vaccine procurement has not unravelled, a spokesman for the European Commission said on Tuesday when asked about individual countries getting jabs from Russia or China that do not have the bloc's authorisation.",https://static.reuters.com/resources/r/?m=02&d=20210302&t=2&i=1553443610&r=LYNXMPEH210OC&w=800,2021-03-02T11:33:00Z,"By Reuters Staff
FILE PHOTO: European Union flags flutter outside the European Commission headquarters in Brussels, Belgium August 21, 2020. REUTERS/Yves Herman
BRUSSELS (Reuters) - The European Un… [+753 chars]"
79,"{'id': 'reuters', 'name': 'Reuters'}",Reuters Staff,Exclusive: U.S. sanctions for Navalny poisoning expected as early as Tuesday - Reuters,"The United States is expected to impose sanctions to punish Russia for the poisoning of Kremlin critic Alexi Navalny as early as Tuesday, two sources familiar with the matter said on Monday.",https://static.reuters.com/resources/r/?m=02&d=20210302&t=2&i=1553391768&r=LYNXNPEH2100S&w=800,2021-03-02T00:33:00Z,"By Reuters Staff
FILE PHOTO: Kremlin critic Alexei Navalny, who is accused of slandering a Russian World War Two veteran, stands inside a defendant dock during a court hearing in Moscow, Russia, Rus… [+783 chars]"
80,"{'id': 'reuters', 'name': 'Reuters'}",Reuters Staff,Russian deputy PM says death rate fell 21.7% m/m in February - Reuters,"Deputy Prime Minister Tatiana Golikova on Friday said that deaths across Russia had fallen by 9.5% on a month-on-month basis in January, and by 21.7% in February, citing data from federal statistics service Rosstat.",https://s1.reutersmedia.net/resources_v2/images/rcom-default.png?w=800,2021-03-05T13:59:00Z,"By Reuters Staff
MOSCOW, March 5 (Reuters) - Deputy Prime Minister Tatiana Golikova on Friday said that deaths across Russia had fallen by 9.5% on a month-on-month basis in January, and by 21.7% in … [+299 chars]"
81,"{'id': 'reuters', 'name': 'Reuters'}",Reuters Staff,Russia suspects policeman in new data leak case over Navalny poisoning - Reuters,"Russia has identified a policeman as a suspect in a criminal investigation into a flight data leak that could have been used to out jailed Kremlin critic Alexei Navalny's alleged poisoners, the Kommersant newspaper reported on Monday.",https://static.reuters.com/resources/r/?m=02&d=20210301&t=2&i=1553298145&r=LYNXNPEH20130&w=800,2021-03-01T09:16:00Z,"By Reuters Staff
FILE PHOTO: A still image taken from video footage shows Russian opposition leader Alexei Navalny, who is accused of flouting the terms of a suspended sentence for embezzlement, ins… [+1743 chars]"
82,"{'id': 'reuters', 'name': 'Reuters'}",Reuters Staff,Kremlin dismisses U.S. call to destroy its chemical weapons as baseless - Reuters,"The Kremlin on Thursday dismissed as baseless and illogical U.S. calls for Russia to destroy its chemicals weapons, saying that Moscow had destroyed them long ago in line with the chemical weapons convention.",https://static.reuters.com/resources/r/?m=02&d=20210304&t=2&i=1553726044&r=LYNXMPEH230J5&w=800,2021-03-04T10:05:00Z,"By Reuters Staff
FILE PHOTO: Kremlin spokesman Dmitry Peskov attends Russian President Vladimir Putin's annual end-of-year news conference, held online in a video conference mode, in Moscow, Russia … [+458 chars]"
83,"{'id': 'engadget', 'name': 'Engadget'}",https://www.engadget.com/about/editors/chris-velazco,Legal questions linger as governments and companies keep pushing into space,"The Perseverance rover’s landing on Mars is still fresh in people’s memories, privately-owned companies are ferrying people and supplies into orbit, and NASA continues to work on “the most powerful rocket” it has ever built. But as world governments and priva…",https://s.yimg.com/os/creatr-uploaded-images/2021-03/3a9c8ae0-88e8-11eb-ae7b-a802532da6c2,2021-03-19T19:47:11Z,"The Perseverance rovers landing on Mars is still fresh in peoples memories, privately-owned companies are ferrying people and supplies into orbit, and NASA continues to work on the most powerful rock… [+4938 chars]"
84,"{'id': 'reuters', 'name': 'Reuters'}",Reuters Staff,EU executive says joint vaccine strategy not unravelling - Reuters,"The European Union's joint vaccine procurement has not unravelled, a spokesman for the European Commission said on Tuesday when asked about individual countries getting jabs from Russia or China that do not have the bloc's authorisation.",https://s1.reutersmedia.net/resources_v2/images/rcom-default.png?w=800,2021-03-02T11:27:00Z,"By Reuters Staff
BRUSSELS, March 2 (Reuters) - The European Unions joint vaccine procurement has not unravelled, a spokesman for the European Commission said on Tuesday when asked about individual c… [+676 chars]"
85,"{'id': 'reuters', 'name': 'Reuters'}","Steve Holland, Arshad Mohammed","U.S.and EU impose sanctions on Russia over Navalny poisoning, jailing - Reuters","The United States on Tuesday imposed sanctions to punish Russia for what it described as Moscow's attempt to poison opposition leader Alexei Navalny with a nerve agent last year, in President Joe Biden's most direct challenge yet to the Kremlin.",https://static.reuters.com/resources/r/?m=02&d=20210302&t=2&i=1553485200&r=LYNXNPEH21196&w=800,2021-03-02T17:31:00Z,WASHINGTON (Reuters) - The United States on Tuesday imposed sanctions to punish Russia for what it described as Moscows attempt to poison opposition leader Alexei Navalny with a nerve agent last year… [+4745 chars]
86,"{'id': 'reuters', 'name': 'Reuters'}",Reuters Staff,WTA roundup: Top seed falls in Lyon opener - Reuters,"Teen qualifier Clara Tauson of Denmark upset top-seeded Ekaterina Alexandrova of Russia 6-3, 6-4 on Monday in the first round of the Lyon Open in France.",https://static.reuters.com/resources/r/?m=02&d=20210301&t=2&i=1553382080&r=LYNXNPEH20275&w=800,2021-03-01T22:34:00Z,"By Reuters Staff
FILE PHOTO: Tennis - Gippsland Trophy - Melbourne Park, Melbourne, Australia, February 6, 2021 Russia's Ekaterina Alexandrova in action during her semi final match against Estonia's… [+1503 chars]"
87,"{'id': 'reuters', 'name': 'Reuters'}",Reuters Staff,U.S. bomber flies over Baltic states in show of solidarity: U.S. Air Force - Reuters,"A nuclear-capable, long-range U.S. bomber flew over the capitals of Lithuania, Latvia and Estonia on Wednesday in a show of solidarity with NATO allies, the U.S. Air Force said, amid Western concerns over a more assertive Russia.",https://static.reuters.com/resources/r/?m=02&d=20210303&t=2&i=1553625627&r=LYNXMPEH22189&w=800,2021-03-03T16:55:00Z,"By Reuters Staff
U.S. Air Force Rockwell B-1B Lancer bomber accompanied by two NATO air-policing Italian Eurofighter Typhoons flies over Vilnius, Lithuania March 3, 2021. Ieva Budzekaite/Lithuanian … [+1251 chars]"
88,"{'id': 'reuters', 'name': 'Reuters'}",Reuters Staff,Slovak PM sorry for jokingly offering Ukraine territory for Russian vaccine - Reuters India,Slovak Prime Minister Igor Matovic apologised on Thursday after jokingly suggesting that Russia take a part of western Ukraine as payment for delivering doses of its Sputnik V vaccine to Slovakia.,https://static.reuters.com/resources/r/?m=02&d=20210304&t=2&i=1553760348&r=LYNXMPEH2319A&w=800,2021-03-04T16:35:00Z,"By Reuters Staff
FILE PHOTO: Slovak Prime Minister Igor Matovic arrives for an EU summit in Brussels, Belgium, October 15, 2020. Olivier Hoslet/Pool via REUTERS/File Photo
PRAGUE (Reuters) - Slovak… [+1626 chars]"
89,"{'id': 'reuters', 'name': 'Reuters'}",Reuters Staff,"EU snipes at China and Russia, says won't use vaccines for propaganda - Reuters","European Council President Charles Michel on Tuesday took aim at the ""highly publicised"" supply of COVID-19 vaccines from China and Russia to other countries, and said Europe would not use vaccines for propaganda purposes.",https://s1.reutersmedia.net/resources_v2/images/rcom-default.png?w=800,2021-03-09T14:18:00Z,"By Reuters Staff
BRUSSELS, March 9 (Reuters) - European Council President Charles Michel on Tuesday took aim at the highly publicised supply of COVID-19 vaccines from China and Russia to other count… [+649 chars]"
90,"{'id': 'reuters', 'name': 'Reuters'}",Reuters Staff,"No contract signed to produce Russian COVID-19 shot, says French official - Reuters","No company in France has signed a contract with Russia to produce its COVID-19 Sputnik V vaccine, a spokesman for France's industry minister said on Tuesday, appearing to contradict the head of Russia's RDIF sovereign wealth fund.",https://static.reuters.com/resources/r/?m=02&d=20210309&t=2&i=1554296027&r=LYNXMPEH28184&w=800,2021-03-09T18:05:00Z,"By Reuters Staff
FILE PHOTO: A medical specialist holds a vial of Sputnik V vaccine against the coronavirus in a department store in Moscow, Russia, January 18, 2021 REUTERS/Shamil Zhumatov/File Pho… [+631 chars]"
91,"{'id': 'reuters', 'name': 'Reuters'}",Reuters Staff,Kremlin says Biden's Putin comment shows he has no interest in mending ties - Reuters,The Kremlin said on Thursday that comments by U.S. President Joe Biden that he thought Vladimir Putin was a killer clearly showed that Biden had no interest in mending ties with Moscow and that Russia would now take that into account.,https://static.reuters.com/resources/r/?m=02&d=20210318&t=2&i=1555329844&r=LYNXMPEH2H0NN&w=800,2021-03-18T10:55:00Z,"By Reuters Staff
FILE PHOTO: Russian President Vladimir Putin chairs a meeting on measures to boost investment activity, via a video link at the Novo-Ogaryovo state residence outside Moscow, Russia … [+748 chars]"
92,"{'id': 'reuters', 'name': 'Reuters'}",Reuters Staff,Allies of jailed Kremlin critic Navalny unveil plan for big spring protest - Reuters.com,Allies of jailed Kremlin critic Alexei Navalny said on Tuesday they wanted to stage the biggest anti-Kremlin street protest in modern Russian history this spring to demand the opposition politician's release.,https://static.reuters.com/resources/r/?m=02&d=20210323&t=2&i=1555889453&r=LYNXMPEH2M0XK&w=800,2021-03-23T12:49:00Z,"By Reuters Staff
FILE PHOTO: Kremlin critic Alexei Navalny, who is accused of slandering a Russian World War Two veteran, stands inside a defendant dock during a court hearing in Moscow, Russia, Rus… [+1598 chars]"
93,"{'id': 'reuters', 'name': 'Reuters'}",Reuters Staff,Russia accuses Twitter of 'maliciously' breaking law by failing to delete content - Reuters,"Russia's communications regulator accused Twitter on Monday of ""maliciously"" violating Russian law, saying the social media platform had not complied with some of its requests to delete banned content.",https://s1.reutersmedia.net/resources_v2/images/rcom-default.png?w=800,2021-03-01T07:56:00Z,"By Reuters Staff
MOSCOW, March 1 (Reuters) - Russias communications regulator accused Twitter on Monday of maliciously violating Russian law, saying the social media platform had not complied with s… [+437 chars]"
94,"{'id': 'reuters', 'name': 'Reuters'}",Reuters Staff,"Europeans push IAEA Iran resolution despite warnings by Russia, Tehran - Reuters","Britain, France and Germany are pressing ahead with a U.S.-backed plan for a resolution by the U.N. nuclear watchdog's board criticising Iran for curbing cooperation with the agency, despite Russian and Iranian warnings of serious consequences.",https://static.reuters.com/resources/r/?m=02&d=20210301&t=2&i=1553307871&r=LYNXNPEH20193&w=800,2021-03-01T11:18:00Z,"By Reuters Staff
VIENNA (Reuters) - Britain, France and Germany are pressing ahead with a U.S.-backed plan for a resolution by the U.N. nuclear watchdogs board criticising Iran for curbing cooperati… [+2598 chars]"
95,"{'id': 'reuters', 'name': 'Reuters'}",Reuters Staff,Russia expects several EU countries to approve Sputnik V vaccine this month - RDIF chief - Reuters,"Russia expects several European Union countries to approve the use of its Sputnik V vaccine this month and Moscow could provide vaccines for 50 million Europeans starting from June if the shot wins EU-wide approval, Russia's RDIF fund said on Thursday.",https://static.reuters.com/resources/r/?m=02&d=20210304&t=2&i=1553722313&r=LYNXMPEH230GN&w=800,2021-03-04T09:39:00Z,"By Reuters Staff
FILE PHOTO: A medical worker holds a syringe with Sputnik V vaccine against the coronavirus disease (COVID-19) at a vaccination centre in Saint Petersburg, Russia February 24, 2021.… [+650 chars]"
96,"{'id': 'reuters', 'name': 'Reuters'}",Reuters Staff,Russia accuses Twitter of breaking law by failing to delete content - Reuters Africa,"Russia's communications regulator accused Twitter on Monday of violating Russian law, saying the social media platform had not complied with some of its requests to delete banned content.",https://static.reuters.com/resources/r/?m=02&d=20210301&t=2&i=1553294726&r=LYNXNPEH2011V&w=800,2021-03-01T09:03:00Z,"By Reuters Staff
MOSCOW (Reuters) - Russias communications regulator accused Twitter on Monday of violating Russian law, saying the social media platform had not complied with some of its requests t… [+1659 chars]"
97,"{'id': 'reuters', 'name': 'Reuters'}",Reuters Staff,Russia arrests suspect over planned attack on power site in Kaliningrad region: Ifax - Reuters UK,"Russia's Federal Security Service said on Thursday it had thwarted a planned ""terror"" attack on a power site in Kaliningrad region and that it had arrested a suspect, the Interfax news agency reported.",https://s1.reutersmedia.net/resources_v2/images/rcom-default.png?w=800,2021-03-04T08:19:00Z,"By Reuters Staff
MOSCOW (Reuters) - Russias Federal Security Service said on Thursday it had thwarted a planned terror attack on a power site in Kaliningrad region and that it had arrested a suspect… [+190 chars]"
98,"{'id': 'reuters', 'name': 'Reuters'}",Reuters Staff,White House: 'aware of' Russia disinformation related to COVID vaccine - Reuters,White House spokeswoman Jen Psaki said on Monday that President Joe Biden's administration was monitoring efforts tied to Russia's intelligence services undermining the Moderna and Pfizer coronavirus vaccines.,https://static.reuters.com/resources/r/?m=02&d=20210308&t=2&i=1554164006&r=LYNXMPEH271CR&w=800,2021-03-08T17:25:00Z,"By Reuters Staff
White House Press Secretary Jen Psaki delivers remarks during a daily press briefing at the White House in Washington, U.S., March 8, 2021. REUTERS/Tom Brenner
WASHINGTON (Reuters)… [+318 chars]"
99,"{'id': 'reuters', 'name': 'Reuters'}",Reuters Staff,"Russia sues Google, Facebook, Twitter for not deleting protest content: Ifax - Reuters","Russian authorities are suing five social media platforms for allegedly failing to delete posts urging children to take part in illegal protests, the Interfax news agency cited a Moscow court as saying on Tuesday.",https://static.reuters.com/resources/r/?m=02&d=20210309&t=2&i=1554245169&r=LYNXMPEH280JW&w=800,2021-03-09T10:09:00Z,"By Reuters Staff
FILE PHOTO: Facebook, Google and Twitter logos are seen in this combination photo from Reuters files. REUTERS/File Photos/File Photo
MOSCOW (Reuters) - Russian authorities are suin… [+997 chars]"
